[
{
  "model": "account.profile",
  "pk": 1,
  "fields": {
    "user": 2,
    "first_name": "",
    "last_name": "",
    "email": ""
  }
},
{
  "model": "auth.permission",
  "pk": 1,
  "fields": {
    "name": "Can add log entry",
    "content_type": 1,
    "codename": "add_logentry"
  }
},
{
  "model": "auth.permission",
  "pk": 2,
  "fields": {
    "name": "Can change log entry",
    "content_type": 1,
    "codename": "change_logentry"
  }
},
{
  "model": "auth.permission",
  "pk": 3,
  "fields": {
    "name": "Can delete log entry",
    "content_type": 1,
    "codename": "delete_logentry"
  }
},
{
  "model": "auth.permission",
  "pk": 4,
  "fields": {
    "name": "Can view log entry",
    "content_type": 1,
    "codename": "view_logentry"
  }
},
{
  "model": "auth.permission",
  "pk": 5,
  "fields": {
    "name": "Can add permission",
    "content_type": 2,
    "codename": "add_permission"
  }
},
{
  "model": "auth.permission",
  "pk": 6,
  "fields": {
    "name": "Can change permission",
    "content_type": 2,
    "codename": "change_permission"
  }
},
{
  "model": "auth.permission",
  "pk": 7,
  "fields": {
    "name": "Can delete permission",
    "content_type": 2,
    "codename": "delete_permission"
  }
},
{
  "model": "auth.permission",
  "pk": 8,
  "fields": {
    "name": "Can view permission",
    "content_type": 2,
    "codename": "view_permission"
  }
},
{
  "model": "auth.permission",
  "pk": 9,
  "fields": {
    "name": "Can add group",
    "content_type": 3,
    "codename": "add_group"
  }
},
{
  "model": "auth.permission",
  "pk": 10,
  "fields": {
    "name": "Can change group",
    "content_type": 3,
    "codename": "change_group"
  }
},
{
  "model": "auth.permission",
  "pk": 11,
  "fields": {
    "name": "Can delete group",
    "content_type": 3,
    "codename": "delete_group"
  }
},
{
  "model": "auth.permission",
  "pk": 12,
  "fields": {
    "name": "Can view group",
    "content_type": 3,
    "codename": "view_group"
  }
},
{
  "model": "auth.permission",
  "pk": 13,
  "fields": {
    "name": "Can add user",
    "content_type": 4,
    "codename": "add_user"
  }
},
{
  "model": "auth.permission",
  "pk": 14,
  "fields": {
    "name": "Can change user",
    "content_type": 4,
    "codename": "change_user"
  }
},
{
  "model": "auth.permission",
  "pk": 15,
  "fields": {
    "name": "Can delete user",
    "content_type": 4,
    "codename": "delete_user"
  }
},
{
  "model": "auth.permission",
  "pk": 16,
  "fields": {
    "name": "Can view user",
    "content_type": 4,
    "codename": "view_user"
  }
},
{
  "model": "auth.permission",
  "pk": 17,
  "fields": {
    "name": "Can add content type",
    "content_type": 5,
    "codename": "add_contenttype"
  }
},
{
  "model": "auth.permission",
  "pk": 18,
  "fields": {
    "name": "Can change content type",
    "content_type": 5,
    "codename": "change_contenttype"
  }
},
{
  "model": "auth.permission",
  "pk": 19,
  "fields": {
    "name": "Can delete content type",
    "content_type": 5,
    "codename": "delete_contenttype"
  }
},
{
  "model": "auth.permission",
  "pk": 20,
  "fields": {
    "name": "Can view content type",
    "content_type": 5,
    "codename": "view_contenttype"
  }
},
{
  "model": "auth.permission",
  "pk": 21,
  "fields": {
    "name": "Can add session",
    "content_type": 6,
    "codename": "add_session"
  }
},
{
  "model": "auth.permission",
  "pk": 22,
  "fields": {
    "name": "Can change session",
    "content_type": 6,
    "codename": "change_session"
  }
},
{
  "model": "auth.permission",
  "pk": 23,
  "fields": {
    "name": "Can delete session",
    "content_type": 6,
    "codename": "delete_session"
  }
},
{
  "model": "auth.permission",
  "pk": 24,
  "fields": {
    "name": "Can view session",
    "content_type": 6,
    "codename": "view_session"
  }
},
{
  "model": "auth.permission",
  "pk": 25,
  "fields": {
    "name": "Can add category",
    "content_type": 7,
    "codename": "add_category"
  }
},
{
  "model": "auth.permission",
  "pk": 26,
  "fields": {
    "name": "Can change category",
    "content_type": 7,
    "codename": "change_category"
  }
},
{
  "model": "auth.permission",
  "pk": 27,
  "fields": {
    "name": "Can delete category",
    "content_type": 7,
    "codename": "delete_category"
  }
},
{
  "model": "auth.permission",
  "pk": 28,
  "fields": {
    "name": "Can view category",
    "content_type": 7,
    "codename": "view_category"
  }
},
{
  "model": "auth.permission",
  "pk": 29,
  "fields": {
    "name": "Can add product",
    "content_type": 8,
    "codename": "add_product"
  }
},
{
  "model": "auth.permission",
  "pk": 30,
  "fields": {
    "name": "Can change product",
    "content_type": 8,
    "codename": "change_product"
  }
},
{
  "model": "auth.permission",
  "pk": 31,
  "fields": {
    "name": "Can delete product",
    "content_type": 8,
    "codename": "delete_product"
  }
},
{
  "model": "auth.permission",
  "pk": 32,
  "fields": {
    "name": "Can view product",
    "content_type": 8,
    "codename": "view_product"
  }
},
{
  "model": "auth.permission",
  "pk": 33,
  "fields": {
    "name": "Can add order",
    "content_type": 9,
    "codename": "add_order"
  }
},
{
  "model": "auth.permission",
  "pk": 34,
  "fields": {
    "name": "Can change order",
    "content_type": 9,
    "codename": "change_order"
  }
},
{
  "model": "auth.permission",
  "pk": 35,
  "fields": {
    "name": "Can delete order",
    "content_type": 9,
    "codename": "delete_order"
  }
},
{
  "model": "auth.permission",
  "pk": 36,
  "fields": {
    "name": "Can view order",
    "content_type": 9,
    "codename": "view_order"
  }
},
{
  "model": "auth.permission",
  "pk": 37,
  "fields": {
    "name": "Can add order item",
    "content_type": 10,
    "codename": "add_orderitem"
  }
},
{
  "model": "auth.permission",
  "pk": 38,
  "fields": {
    "name": "Can change order item",
    "content_type": 10,
    "codename": "change_orderitem"
  }
},
{
  "model": "auth.permission",
  "pk": 39,
  "fields": {
    "name": "Can delete order item",
    "content_type": 10,
    "codename": "delete_orderitem"
  }
},
{
  "model": "auth.permission",
  "pk": 40,
  "fields": {
    "name": "Can view order item",
    "content_type": 10,
    "codename": "view_orderitem"
  }
},
{
  "model": "auth.permission",
  "pk": 41,
  "fields": {
    "name": "Can add coupon",
    "content_type": 11,
    "codename": "add_coupon"
  }
},
{
  "model": "auth.permission",
  "pk": 42,
  "fields": {
    "name": "Can change coupon",
    "content_type": 11,
    "codename": "change_coupon"
  }
},
{
  "model": "auth.permission",
  "pk": 43,
  "fields": {
    "name": "Can delete coupon",
    "content_type": 11,
    "codename": "delete_coupon"
  }
},
{
  "model": "auth.permission",
  "pk": 44,
  "fields": {
    "name": "Can view coupon",
    "content_type": 11,
    "codename": "view_coupon"
  }
},
{
  "model": "auth.permission",
  "pk": 45,
  "fields": {
    "name": "Can add profile",
    "content_type": 12,
    "codename": "add_profile"
  }
},
{
  "model": "auth.permission",
  "pk": 46,
  "fields": {
    "name": "Can change profile",
    "content_type": 12,
    "codename": "change_profile"
  }
},
{
  "model": "auth.permission",
  "pk": 47,
  "fields": {
    "name": "Can delete profile",
    "content_type": 12,
    "codename": "delete_profile"
  }
},
{
  "model": "auth.permission",
  "pk": 48,
  "fields": {
    "name": "Can view profile",
    "content_type": 12,
    "codename": "view_profile"
  }
},
{
  "model": "auth.permission",
  "pk": 49,
  "fields": {
    "name": "Can add association",
    "content_type": 13,
    "codename": "add_association"
  }
},
{
  "model": "auth.permission",
  "pk": 50,
  "fields": {
    "name": "Can change association",
    "content_type": 13,
    "codename": "change_association"
  }
},
{
  "model": "auth.permission",
  "pk": 51,
  "fields": {
    "name": "Can delete association",
    "content_type": 13,
    "codename": "delete_association"
  }
},
{
  "model": "auth.permission",
  "pk": 52,
  "fields": {
    "name": "Can view association",
    "content_type": 13,
    "codename": "view_association"
  }
},
{
  "model": "auth.permission",
  "pk": 53,
  "fields": {
    "name": "Can add code",
    "content_type": 14,
    "codename": "add_code"
  }
},
{
  "model": "auth.permission",
  "pk": 54,
  "fields": {
    "name": "Can change code",
    "content_type": 14,
    "codename": "change_code"
  }
},
{
  "model": "auth.permission",
  "pk": 55,
  "fields": {
    "name": "Can delete code",
    "content_type": 14,
    "codename": "delete_code"
  }
},
{
  "model": "auth.permission",
  "pk": 56,
  "fields": {
    "name": "Can view code",
    "content_type": 14,
    "codename": "view_code"
  }
},
{
  "model": "auth.permission",
  "pk": 57,
  "fields": {
    "name": "Can add nonce",
    "content_type": 15,
    "codename": "add_nonce"
  }
},
{
  "model": "auth.permission",
  "pk": 58,
  "fields": {
    "name": "Can change nonce",
    "content_type": 15,
    "codename": "change_nonce"
  }
},
{
  "model": "auth.permission",
  "pk": 59,
  "fields": {
    "name": "Can delete nonce",
    "content_type": 15,
    "codename": "delete_nonce"
  }
},
{
  "model": "auth.permission",
  "pk": 60,
  "fields": {
    "name": "Can view nonce",
    "content_type": 15,
    "codename": "view_nonce"
  }
},
{
  "model": "auth.permission",
  "pk": 61,
  "fields": {
    "name": "Can add user social auth",
    "content_type": 16,
    "codename": "add_usersocialauth"
  }
},
{
  "model": "auth.permission",
  "pk": 62,
  "fields": {
    "name": "Can change user social auth",
    "content_type": 16,
    "codename": "change_usersocialauth"
  }
},
{
  "model": "auth.permission",
  "pk": 63,
  "fields": {
    "name": "Can delete user social auth",
    "content_type": 16,
    "codename": "delete_usersocialauth"
  }
},
{
  "model": "auth.permission",
  "pk": 64,
  "fields": {
    "name": "Can view user social auth",
    "content_type": 16,
    "codename": "view_usersocialauth"
  }
},
{
  "model": "auth.permission",
  "pk": 65,
  "fields": {
    "name": "Can add partial",
    "content_type": 17,
    "codename": "add_partial"
  }
},
{
  "model": "auth.permission",
  "pk": 66,
  "fields": {
    "name": "Can change partial",
    "content_type": 17,
    "codename": "change_partial"
  }
},
{
  "model": "auth.permission",
  "pk": 67,
  "fields": {
    "name": "Can delete partial",
    "content_type": 17,
    "codename": "delete_partial"
  }
},
{
  "model": "auth.permission",
  "pk": 68,
  "fields": {
    "name": "Can view partial",
    "content_type": 17,
    "codename": "view_partial"
  }
},
{
  "model": "auth.user",
  "pk": 1,
  "fields": {
    "password": "pbkdf2_sha256$720000$g2EPxTOqrjn2UpVN5gdHO3$RWPk+kr5mK8xhop54cYSisJisq2099+IU/qXYuctGtA=",
    "last_login": "2025-06-21T19:12:37.007Z",
    "is_superuser": true,
    "username": "shubh",
    "first_name": "",
    "last_name": "",
    "email": "shubhadeephriju@gmail.com",
    "is_staff": true,
    "is_active": true,
    "date_joined": "2025-04-14T14:18:17.747Z",
    "groups": [],
    "user_permissions": []
  }
},
{
  "model": "auth.user",
  "pk": 2,
  "fields": {
    "password": "pbkdf2_sha256$720000$v1pyOFukn4BoPymIICI3WE$k0RGNQkBMvTtdBBpSoiElG8JNE4NX6PDD/7OgH1KlQ0=",
    "last_login": "2025-06-22T15:40:35.667Z",
    "is_superuser": false,
    "username": "guest",
    "first_name": "Customer",
    "last_name": "",
    "email": "customer@gmail.com",
    "is_staff": false,
    "is_active": true,
    "date_joined": "2025-06-20T18:24:31.004Z",
    "groups": [],
    "user_permissions": []
  }
},
{
  "model": "orders.order",
  "pk": 1,
  "fields": {
    "first_name": "Shubhadeep",
    "last_name": "Mukherjee",
    "email": "shubhadeephriju@gmail.com",
    "address": "Qtr. No. Block 3 . Metro Rly. Qtr.complex. Dum Dum .",
    "postal_code": "700030",
    "city": "Kolkata",
    "created": "2025-05-15T15:38:18.851Z",
    "updated": "2025-05-15T15:38:18.851Z",
    "paid": false,
    "stripe_id": "",
    "user": null
  }
},
{
  "model": "orders.order",
  "pk": 2,
  "fields": {
    "first_name": "Shubhadeep",
    "last_name": "Mukherjee",
    "email": "shubhadeephriju@gmail.com",
    "address": "Qtr. No. Block 3 . Metro Rly. Qtr.complex. Dum Dum .",
    "postal_code": "700030",
    "city": "Kolkata",
    "created": "2025-05-15T15:41:11.195Z",
    "updated": "2025-05-15T15:41:11.195Z",
    "paid": false,
    "stripe_id": "",
    "user": null
  }
},
{
  "model": "orders.order",
  "pk": 3,
  "fields": {
    "first_name": "Shubhadeep",
    "last_name": "Mukherjee",
    "email": "shubhadeephriju@gmail.com",
    "address": "Qtr. No. Block 3 . Metro Rly. Qtr.complex. Dum Dum .",
    "postal_code": "700030",
    "city": "Kolkata",
    "created": "2025-05-15T15:43:45.918Z",
    "updated": "2025-05-15T15:43:45.918Z",
    "paid": false,
    "stripe_id": "",
    "user": null
  }
},
{
  "model": "orders.order",
  "pk": 4,
  "fields": {
    "first_name": "Shubhadeep",
    "last_name": "Mukherjee",
    "email": "shubhadeephriju@gmail.com",
    "address": "Qtr. No. Block 3 . Metro Rly. Qtr.complex. Dum Dum .",
    "postal_code": "700030",
    "city": "Kolkata",
    "created": "2025-05-15T15:48:45.258Z",
    "updated": "2025-05-15T15:48:45.258Z",
    "paid": false,
    "stripe_id": "",
    "user": null
  }
},
{
  "model": "orders.order",
  "pk": 5,
  "fields": {
    "first_name": "Shubhadeep",
    "last_name": "Mukherjee",
    "email": "shubhadeephriju@gmail.com",
    "address": "Qtr. No. Block 3 . Metro Rly. Qtr.complex. Dum Dum .",
    "postal_code": "700030",
    "city": "Kolkata",
    "created": "2025-05-17T17:59:24.543Z",
    "updated": "2025-05-17T17:59:24.543Z",
    "paid": false,
    "stripe_id": "",
    "user": null
  }
},
{
  "model": "orders.order",
  "pk": 6,
  "fields": {
    "first_name": "Shubhadeep",
    "last_name": "Mukherjee",
    "email": "shubhadeephriju@gmail.com",
    "address": "Qtr. No. Block 3 . Metro Rly. Qtr.complex. Dum Dum .",
    "postal_code": "700030",
    "city": "Kolkata",
    "created": "2025-05-18T14:57:43.131Z",
    "updated": "2025-05-18T14:57:43.131Z",
    "paid": false,
    "stripe_id": "",
    "user": null
  }
},
{
  "model": "orders.order",
  "pk": 7,
  "fields": {
    "first_name": "Shubhadeep",
    "last_name": "Mukherjee",
    "email": "shubhadeephriju@gmail.com",
    "address": "Qtr. No. Block 3 . Metro Rly. Qtr.complex. Dum Dum .",
    "postal_code": "700030",
    "city": "Kolkata",
    "created": "2025-05-18T15:10:03.465Z",
    "updated": "2025-05-18T15:10:03.465Z",
    "paid": false,
    "stripe_id": "",
    "user": null
  }
},
{
  "model": "orders.order",
  "pk": 8,
  "fields": {
    "first_name": "Shubhadeep",
    "last_name": "Mukherjee",
    "email": "shubhadeephriju@gmail.com",
    "address": "Qtr. No. Block 3 . Metro Rly. Qtr.complex. Dum Dum .",
    "postal_code": "700030",
    "city": "Kolkata",
    "created": "2025-05-18T15:24:30.268Z",
    "updated": "2025-05-18T15:24:30.268Z",
    "paid": false,
    "stripe_id": "",
    "user": null
  }
},
{
  "model": "orders.order",
  "pk": 9,
  "fields": {
    "first_name": "Shubhadeep",
    "last_name": "Mukherjee",
    "email": "shubhadeephriju@gmail.com",
    "address": "Qtr. No. Block 3 . Metro Rly. Qtr.complex. Dum Dum .",
    "postal_code": "700030",
    "city": "Kolkata",
    "created": "2025-05-18T15:26:18.367Z",
    "updated": "2025-05-18T15:26:18.367Z",
    "paid": false,
    "stripe_id": "",
    "user": null
  }
},
{
  "model": "orders.order",
  "pk": 10,
  "fields": {
    "first_name": "Shubhadeep",
    "last_name": "Mukherjee",
    "email": "shubhadeephriju@gmail.com",
    "address": "Qtr. No. Block 3 . Metro Rly. Qtr.complex. Dum Dum .",
    "postal_code": "700030",
    "city": "Kolkata",
    "created": "2025-05-18T15:50:42.060Z",
    "updated": "2025-05-18T15:50:42.060Z",
    "paid": false,
    "stripe_id": "",
    "user": null
  }
},
{
  "model": "orders.order",
  "pk": 11,
  "fields": {
    "first_name": "Shubhadeep",
    "last_name": "Mukherjee",
    "email": "shubhadeephriju@gmail.com",
    "address": "Qtr. No. Block 3 . Metro Rly. Qtr.complex. Dum Dum .",
    "postal_code": "700030",
    "city": "Kolkata",
    "created": "2025-05-18T15:56:54.131Z",
    "updated": "2025-05-18T15:56:54.131Z",
    "paid": false,
    "stripe_id": "",
    "user": null
  }
},
{
  "model": "orders.order",
  "pk": 12,
  "fields": {
    "first_name": "Shubhadeep",
    "last_name": "Mukherjee",
    "email": "shubhadeephriju@gmail.com",
    "address": "Qtr. No. Block 3 . Metro Rly. Qtr.complex. Dum Dum .",
    "postal_code": "700030",
    "city": "Kolkata",
    "created": "2025-05-18T16:01:32.946Z",
    "updated": "2025-05-18T16:01:32.946Z",
    "paid": false,
    "stripe_id": "",
    "user": null
  }
},
{
  "model": "orders.order",
  "pk": 13,
  "fields": {
    "first_name": "Shubhadeep",
    "last_name": "Mukherjee",
    "email": "shubhadeephriju@gmail.com",
    "address": "Qtr. No. Block 3 . Metro Rly. Qtr.complex. Dum Dum .",
    "postal_code": "700030",
    "city": "Kolkata",
    "created": "2025-05-20T15:37:46.438Z",
    "updated": "2025-05-20T15:37:46.438Z",
    "paid": false,
    "stripe_id": "",
    "user": null
  }
},
{
  "model": "orders.order",
  "pk": 14,
  "fields": {
    "first_name": "Shubhadeep",
    "last_name": "Mukherjee",
    "email": "shubhadeephriju@gmail.com",
    "address": "Qtr. No. Block 3 . Metro Rly. Qtr.complex. Dum Dum .",
    "postal_code": "700030",
    "city": "Kolkata",
    "created": "2025-05-20T15:39:40.628Z",
    "updated": "2025-05-20T15:39:40.628Z",
    "paid": false,
    "stripe_id": "",
    "user": null
  }
},
{
  "model": "orders.order",
  "pk": 15,
  "fields": {
    "first_name": "Shubhadeep",
    "last_name": "Mukherjee",
    "email": "shubhadeephriju@gmail.com",
    "address": "Qtr. No. Block 3 . Metro Rly. Qtr.complex. Dum Dum .",
    "postal_code": "700030",
    "city": "Kolkata",
    "created": "2025-05-20T15:40:10.127Z",
    "updated": "2025-05-20T15:40:10.127Z",
    "paid": false,
    "stripe_id": "",
    "user": null
  }
},
{
  "model": "orders.order",
  "pk": 16,
  "fields": {
    "first_name": "Shubhadeep",
    "last_name": "Mukherjee",
    "email": "shubhadeephriju@gmail.com",
    "address": "Qtr. No. Block 3 . Metro Rly. Qtr.complex. Dum Dum .",
    "postal_code": "700030",
    "city": "Kolkata",
    "created": "2025-05-20T15:51:53.713Z",
    "updated": "2025-05-20T15:51:53.713Z",
    "paid": false,
    "stripe_id": "",
    "user": null
  }
},
{
  "model": "orders.order",
  "pk": 17,
  "fields": {
    "first_name": "Shubhadeep",
    "last_name": "Mukherjee",
    "email": "shubhadeephriju@gmail.com",
    "address": "Qtr. No. Block 3 . Metro Rly. Qtr.complex. Dum Dum .",
    "postal_code": "700030",
    "city": "Kolkata",
    "created": "2025-06-05T14:09:44.052Z",
    "updated": "2025-06-05T14:09:44.052Z",
    "paid": false,
    "stripe_id": "",
    "user": null
  }
},
{
  "model": "orders.orderitem",
  "pk": 1,
  "fields": {
    "order": 1,
    "product": 1,
    "price": "15.75",
    "quantity": 11
  }
},
{
  "model": "orders.orderitem",
  "pk": 2,
  "fields": {
    "order": 2,
    "product": 1,
    "price": "15.75",
    "quantity": 11
  }
},
{
  "model": "orders.orderitem",
  "pk": 3,
  "fields": {
    "order": 3,
    "product": 1,
    "price": "15.75",
    "quantity": 11
  }
},
{
  "model": "orders.orderitem",
  "pk": 4,
  "fields": {
    "order": 4,
    "product": 1,
    "price": "15.75",
    "quantity": 1
  }
},
{
  "model": "orders.orderitem",
  "pk": 5,
  "fields": {
    "order": 5,
    "product": 1,
    "price": "15.75",
    "quantity": 1
  }
},
{
  "model": "orders.orderitem",
  "pk": 6,
  "fields": {
    "order": 6,
    "product": 1,
    "price": "15.75",
    "quantity": 1
  }
},
{
  "model": "orders.orderitem",
  "pk": 7,
  "fields": {
    "order": 7,
    "product": 1,
    "price": "15.75",
    "quantity": 1
  }
},
{
  "model": "orders.orderitem",
  "pk": 8,
  "fields": {
    "order": 9,
    "product": 1,
    "price": "15.75",
    "quantity": 1
  }
},
{
  "model": "orders.orderitem",
  "pk": 9,
  "fields": {
    "order": 10,
    "product": 1,
    "price": "15.75",
    "quantity": 1
  }
},
{
  "model": "orders.orderitem",
  "pk": 10,
  "fields": {
    "order": 11,
    "product": 1,
    "price": "15.75",
    "quantity": 1
  }
},
{
  "model": "orders.orderitem",
  "pk": 11,
  "fields": {
    "order": 12,
    "product": 1,
    "price": "15.75",
    "quantity": 1
  }
},
{
  "model": "orders.orderitem",
  "pk": 12,
  "fields": {
    "order": 13,
    "product": 1,
    "price": "15.75",
    "quantity": 3
  }
},
{
  "model": "orders.orderitem",
  "pk": 13,
  "fields": {
    "order": 14,
    "product": 1,
    "price": "15.75",
    "quantity": 3
  }
},
{
  "model": "orders.orderitem",
  "pk": 14,
  "fields": {
    "order": 15,
    "product": 1,
    "price": "15.75",
    "quantity": 3
  }
},
{
  "model": "orders.orderitem",
  "pk": 15,
  "fields": {
    "order": 16,
    "product": 1,
    "price": "15.75",
    "quantity": 4
  }
},
{
  "model": "orders.orderitem",
  "pk": 16,
  "fields": {
    "order": 17,
    "product": 1,
    "price": "15.75",
    "quantity": 1
  }
},
{
  "model": "coupons.coupon",
  "pk": 1,
  "fields": {
    "code": "SUMMER",
    "valid_from": "2025-06-05T13:46:51Z",
    "valid_to": "2027-06-18T13:47:06Z",
    "discount": 10,
    "active": true
  }
},
{
  "model": "shop.category",
  "pk": 1,
  "fields": {
    "name": "Tea",
    "slug": "tea"
  }
},
{
  "model": "shop.category",
  "pk": 2,
  "fields": {
    "name": "Accessories",
    "slug": "accessories"
  }
},
{
  "model": "shop.category",
  "pk": 3,
  "fields": {
    "name": "Electronics",
    "slug": "electronics"
  }
},
{
  "model": "shop.category",
  "pk": 4,
  "fields": {
    "name": "Devices/Computer",
    "slug": "devicescomputer"
  }
},
{
  "model": "shop.product",
  "pk": 1,
  "fields": {
    "category": 1,
    "name": "Green Tea",
    "slug": "green-tea",
    "image": "products/2025/06/20/greentea_GdDs4Qn.jpg",
    "description": "Refresh your body and mind with our invigorating Green Tea. Lightly processed to preserve natural antioxidants and nutrients, it offers a delicate, grassy flavor with a smooth finish. A perfect everyday brew for wellness and energy.",
    "price": "15.75",
    "available": true,
    "created": "2025-04-14T14:20:31.434Z",
    "updated": "2025-06-20T18:07:39.438Z"
  }
},
{
  "model": "shop.product",
  "pk": 2,
  "fields": {
    "category": 1,
    "name": "Black Tea",
    "slug": "black-tea",
    "image": "products/2025/06/20/blacktea.jpg",
    "description": "Strong, bold, and full-bodied—our Black Tea is your go-to for a powerful pick-me-up. Harvested from the finest tea estates, each cup delivers deep flavor with subtle notes of malt or citrus, depending on the blend. Ideal for both classic hot brews and iced tea.",
    "price": "24.99",
    "available": true,
    "created": "2025-06-20T17:52:41.200Z",
    "updated": "2025-06-20T17:52:41.200Z"
  }
},
{
  "model": "shop.product",
  "pk": 3,
  "fields": {
    "category": 1,
    "name": "Red Tea",
    "slug": "red-tea",
    "image": "products/2025/06/20/redtea.jpg",
    "description": "Indulge in the smooth, earthy flavors of our premium Red Tea, crafted from carefully fermented tea leaves for a rich, mellow taste. Packed with antioxidants and naturally caffeine-free, it’s the perfect brew to soothe your senses—morning or night.",
    "price": "14.00",
    "available": true,
    "created": "2025-06-20T17:53:36.666Z",
    "updated": "2025-06-20T17:53:36.666Z"
  }
},
{
  "model": "shop.product",
  "pk": 4,
  "fields": {
    "category": 4,
    "name": "Laptop",
    "slug": "laptop",
    "image": "products/2025/06/20/laptop.jpg",
    "description": "Work, play, and create effortlessly with this high-performance Laptop. Featuring a sleek design, fast processor, vivid display, and long battery life, it’s built for multitasking on the go—whether you're a student, professional, or casual user.",
    "price": "749.00",
    "available": true,
    "created": "2025-06-20T17:54:47.979Z",
    "updated": "2025-06-20T17:54:47.979Z"
  }
},
{
  "model": "shop.product",
  "pk": 5,
  "fields": {
    "category": 3,
    "name": "Earbud",
    "slug": "earbud",
    "image": "products/2025/06/20/earbud.jpg",
    "description": "Experience music on the move with our compact, wireless Earbuds. Designed for comfort and crystal-clear sound, these earbuds offer noise isolation, touch controls, and long battery life—perfect for workouts, calls, and everyday listening.",
    "price": "49.99",
    "available": true,
    "created": "2025-06-20T17:55:20.493Z",
    "updated": "2025-06-20T17:55:20.493Z"
  }
},
{
  "model": "shop.product",
  "pk": 6,
  "fields": {
    "category": 3,
    "name": "Earphone",
    "slug": "earphone",
    "image": "products/2025/06/20/earphone.jpg",
    "description": "Our wired Earphones combine crisp audio performance with a lightweight design for everyday convenience. Featuring in-line controls and a built-in mic, they’re ideal for uninterrupted music, gaming, and hands-free calls.",
    "price": "29.99",
    "available": true,
    "created": "2025-06-20T17:55:52.101Z",
    "updated": "2025-06-20T17:55:52.101Z"
  }
},
{
  "model": "shop.product",
  "pk": 7,
  "fields": {
    "category": 3,
    "name": "Headphone",
    "slug": "headphone",
    "image": "products/2025/06/20/headphone.jpg",
    "description": "Immerse yourself in deep bass and high-fidelity sound with our over-ear Headphones. With plush cushioning and noise-canceling capabilities, they’re perfect for long listening sessions, travel, or focused work.",
    "price": "99.99",
    "available": true,
    "created": "2025-06-20T17:56:47.817Z",
    "updated": "2025-06-20T17:56:47.817Z"
  }
},
{
  "model": "shop.product",
  "pk": 8,
  "fields": {
    "category": 2,
    "name": "Pen",
    "slug": "pen",
    "image": "products/2025/06/20/pen.jpg",
    "description": "Write smoothly and confidently with our elegant Pen. Designed for precision and comfort, it features quick-dry ink and a balanced grip—making it a reliable companion for students, professionals, and writers alike.",
    "price": "4.49",
    "available": true,
    "created": "2025-06-20T17:57:10.984Z",
    "updated": "2025-06-20T17:57:10.984Z"
  }
},
{
  "model": "shop.product",
  "pk": 9,
  "fields": {
    "category": 2,
    "name": "Notebook",
    "slug": "notebook",
    "image": "products/2025/06/20/notebook_abgCmCS.jpg",
    "description": "Capture ideas, sketches, and plans in our stylish, durable Notebook. With premium paper and a sturdy cover, it’s perfect for journaling, studying, or meetings—wherever inspiration strikes.",
    "price": "5.99",
    "available": true,
    "created": "2025-06-20T17:57:48.950Z",
    "updated": "2025-06-20T18:10:49.265Z"
  }
},
{
  "model": "shop.product",
  "pk": 10,
  "fields": {
    "category": 2,
    "name": "Book",
    "slug": "book",
    "image": "products/2025/06/20/book.jpg",
    "description": "Get lost in the pages of a compelling story or dive deep into knowledge with our curated Book selection. Whether it's fiction, non-fiction, academic, or self-help, each title is a gateway to new worlds and fresh perspectives.",
    "price": "12.99",
    "available": true,
    "created": "2025-06-20T17:58:14.834Z",
    "updated": "2025-06-20T17:58:14.834Z"
  }
},
{
  "model": "shop.product",
  "pk": 11,
  "fields": {
    "category": 2,
    "name": "Scissors",
    "slug": "scissors",
    "image": "products/2025/06/20/scissors.jpg",
    "description": "Cut with precision using our ergonomic Scissors, crafted with stainless steel blades for smooth, clean cuts every time. Perfect for school, office, craft, or household use. Durable, lightweight, and designed for both right- and left-handed users.",
    "price": "6.49",
    "available": true,
    "created": "2025-06-20T18:02:48.084Z",
    "updated": "2025-06-20T18:02:48.084Z"
  }
}
]
